row_id,lr_gpt-4.1-2025-04-14,accepted_manuscript_role
lr_0001,50.0,auxiliary_historical_not_analyzed
lr_0002,0.9,auxiliary_historical_not_analyzed
lr_0003,14.0,auxiliary_historical_not_analyzed
lr_0004,7.5,auxiliary_historical_not_analyzed
lr_0005,3.8,auxiliary_historical_not_analyzed
lr_0006,3.5,auxiliary_historical_not_analyzed
lr_0007,9.0,auxiliary_historical_not_analyzed
lr_0008,2.5,auxiliary_historical_not_analyzed
lr_0009,3.5,auxiliary_historical_not_analyzed
lr_0010,0.5,auxiliary_historical_not_analyzed
lr_0011,0.3,auxiliary_historical_not_analyzed
lr_0012,0.4,auxiliary_historical_not_analyzed
lr_0013,0.6,auxiliary_historical_not_analyzed
lr_0014,0.3,auxiliary_historical_not_analyzed
lr_0015,0.4,auxiliary_historical_not_analyzed
lr_0016,0.4,auxiliary_historical_not_analyzed
lr_0017,2.5,auxiliary_historical_not_analyzed
lr_0018,2.5,auxiliary_historical_not_analyzed
lr_0019,2.5,auxiliary_historical_not_analyzed
lr_0020,2.5,auxiliary_historical_not_analyzed
lr_0021,1.4,auxiliary_historical_not_analyzed
lr_0022,1.0,auxiliary_historical_not_analyzed
lr_0023,1.2,auxiliary_historical_not_analyzed
lr_0024,1.6,auxiliary_historical_not_analyzed
lr_0025,1.2,auxiliary_historical_not_analyzed
lr_0026,1.2,auxiliary_historical_not_analyzed
lr_0027,1.3,auxiliary_historical_not_analyzed
lr_0028,1.3,auxiliary_historical_not_analyzed
lr_0029,1.2,auxiliary_historical_not_analyzed
lr_0030,2.6,auxiliary_historical_not_analyzed
lr_0031,3.1,auxiliary_historical_not_analyzed
lr_0032,1.7,auxiliary_historical_not_analyzed
lr_0033,2.6,auxiliary_historical_not_analyzed
lr_0034,2.5,auxiliary_historical_not_analyzed
lr_0035,2.6,auxiliary_historical_not_analyzed
lr_0036,1.2,auxiliary_historical_not_analyzed
lr_0037,2.1,auxiliary_historical_not_analyzed
lr_0038,2.1,auxiliary_historical_not_analyzed
lr_0039,2.5,auxiliary_historical_not_analyzed
lr_0040,2.0,auxiliary_historical_not_analyzed
lr_0041,1.2,auxiliary_historical_not_analyzed
lr_0042,1.0,auxiliary_historical_not_analyzed
lr_0043,2.6,auxiliary_historical_not_analyzed
lr_0044,0.6,auxiliary_historical_not_analyzed
lr_0045,1.6,auxiliary_historical_not_analyzed
lr_0046,1.1,auxiliary_historical_not_analyzed
lr_0047,2.8,auxiliary_historical_not_analyzed
lr_0048,0.3,auxiliary_historical_not_analyzed
lr_0049,2.5,auxiliary_historical_not_analyzed
lr_0050,1.8,auxiliary_historical_not_analyzed
lr_0051,1.3,auxiliary_historical_not_analyzed
lr_0052,1.2,auxiliary_historical_not_analyzed
lr_0053,0.3,auxiliary_historical_not_analyzed
lr_0054,5.0,auxiliary_historical_not_analyzed
lr_0055,7.0,auxiliary_historical_not_analyzed
lr_0056,3.0,auxiliary_historical_not_analyzed
lr_0057,12.0,auxiliary_historical_not_analyzed
lr_0058,4.8,auxiliary_historical_not_analyzed
lr_0059,4.7,auxiliary_historical_not_analyzed
lr_0060,2.5,auxiliary_historical_not_analyzed
lr_0061,6.0,auxiliary_historical_not_analyzed
lr_0062,1.6,auxiliary_historical_not_analyzed
lr_0063,1.4,auxiliary_historical_not_analyzed
lr_0064,0.15,auxiliary_historical_not_analyzed
lr_0065,0.15,auxiliary_historical_not_analyzed
lr_0066,0.18,auxiliary_historical_not_analyzed
lr_0067,0.85,auxiliary_historical_not_analyzed
lr_0068,0.7,auxiliary_historical_not_analyzed
lr_0069,0.8,auxiliary_historical_not_analyzed
lr_0070,0.85,auxiliary_historical_not_analyzed
lr_0071,0.95,auxiliary_historical_not_analyzed
lr_0072,0.9,auxiliary_historical_not_analyzed
lr_0073,0.8,auxiliary_historical_not_analyzed
lr_0074,0.9,auxiliary_historical_not_analyzed
lr_0075,0.95,auxiliary_historical_not_analyzed
lr_0076,1.0,auxiliary_historical_not_analyzed
lr_0077,0.9,auxiliary_historical_not_analyzed
lr_0078,0.85,auxiliary_historical_not_analyzed
lr_0079,1.0,auxiliary_historical_not_analyzed
lr_0080,0.35,auxiliary_historical_not_analyzed
lr_0081,0.7,auxiliary_historical_not_analyzed
lr_0082,0.6,auxiliary_historical_not_analyzed
lr_0083,1.0,auxiliary_historical_not_analyzed
lr_0084,0.6,auxiliary_historical_not_analyzed
lr_0085,0.8,auxiliary_historical_not_analyzed
lr_0086,0.9,auxiliary_historical_not_analyzed
lr_0087,0.7,auxiliary_historical_not_analyzed
lr_0088,0.9,auxiliary_historical_not_analyzed
lr_0089,1.0,auxiliary_historical_not_analyzed
lr_0090,0.7,auxiliary_historical_not_analyzed
lr_0091,0.7,auxiliary_historical_not_analyzed
lr_0092,0.65,auxiliary_historical_not_analyzed
lr_0093,1.2,auxiliary_historical_not_analyzed
lr_0094,0.7,auxiliary_historical_not_analyzed
lr_0095,0.95,auxiliary_historical_not_analyzed
lr_0096,1.0,auxiliary_historical_not_analyzed
lr_0097,0.92,auxiliary_historical_not_analyzed
lr_0098,1.1,auxiliary_historical_not_analyzed
lr_0099,0.8,auxiliary_historical_not_analyzed
lr_0100,0.9,auxiliary_historical_not_analyzed
lr_0101,0.95,auxiliary_historical_not_analyzed
lr_0102,0.9,auxiliary_historical_not_analyzed
lr_0103,1.2,auxiliary_historical_not_analyzed
lr_0104,0.3,auxiliary_historical_not_analyzed
lr_0105,0.8,auxiliary_historical_not_analyzed
lr_0106,0.7,auxiliary_historical_not_analyzed
lr_0107,6.0,auxiliary_historical_not_analyzed
lr_0108,7.0,auxiliary_historical_not_analyzed
lr_0109,2.5,auxiliary_historical_not_analyzed
lr_0110,1.8,auxiliary_historical_not_analyzed
lr_0111,6.0,auxiliary_historical_not_analyzed
lr_0112,3.0,auxiliary_historical_not_analyzed
lr_0113,5.7,auxiliary_historical_not_analyzed
lr_0114,6.0,auxiliary_historical_not_analyzed
lr_0115,1.0,auxiliary_historical_not_analyzed
lr_0116,0.25,auxiliary_historical_not_analyzed
lr_0117,0.5,auxiliary_historical_not_analyzed
lr_0118,0.4,auxiliary_historical_not_analyzed
lr_0119,0.7,auxiliary_historical_not_analyzed
lr_0120,0.85,auxiliary_historical_not_analyzed
lr_0121,0.85,auxiliary_historical_not_analyzed
lr_0122,0.9,auxiliary_historical_not_analyzed
lr_0123,0.3,auxiliary_historical_not_analyzed
lr_0124,0.9,auxiliary_historical_not_analyzed
lr_0125,1.5,auxiliary_historical_not_analyzed
lr_0126,2.7,auxiliary_historical_not_analyzed
lr_0127,1.2,auxiliary_historical_not_analyzed
lr_0128,0.08,auxiliary_historical_not_analyzed
lr_0129,0.08,auxiliary_historical_not_analyzed
lr_0130,0.08,auxiliary_historical_not_analyzed
lr_0131,4.5,auxiliary_historical_not_analyzed
lr_0132,4.5,auxiliary_historical_not_analyzed
lr_0133,4.5,auxiliary_historical_not_analyzed
lr_0134,6.4,auxiliary_historical_not_analyzed
lr_0135,7.4,auxiliary_historical_not_analyzed
lr_0136,6.5,auxiliary_historical_not_analyzed
lr_0137,0.7,auxiliary_historical_not_analyzed
lr_0138,0.4,auxiliary_historical_not_analyzed
lr_0139,0.5,auxiliary_historical_not_analyzed
lr_0140,0.4,auxiliary_historical_not_analyzed
lr_0141,0.4,auxiliary_historical_not_analyzed
lr_0142,0.6,auxiliary_historical_not_analyzed
lr_0143,1.7,auxiliary_historical_not_analyzed
lr_0144,1.7,auxiliary_historical_not_analyzed
lr_0145,2.0,auxiliary_historical_not_analyzed
lr_0146,1.1,auxiliary_historical_not_analyzed
lr_0147,2.4,auxiliary_historical_not_analyzed
lr_0148,1.3,auxiliary_historical_not_analyzed
lr_0149,1.3,auxiliary_historical_not_analyzed
lr_0150,2.2,auxiliary_historical_not_analyzed
lr_0151,1.2,auxiliary_historical_not_analyzed
lr_0152,1.7,auxiliary_historical_not_analyzed
lr_0153,4.0,auxiliary_historical_not_analyzed
lr_0154,4.4,auxiliary_historical_not_analyzed
lr_0155,1.6,auxiliary_historical_not_analyzed
lr_0156,1.6,auxiliary_historical_not_analyzed
lr_0157,3.0,auxiliary_historical_not_analyzed
lr_0158,2.8,auxiliary_historical_not_analyzed
lr_0159,0.6,auxiliary_historical_not_analyzed
lr_0160,2.8,auxiliary_historical_not_analyzed
lr_0161,2.0,auxiliary_historical_not_analyzed
lr_0162,2.8,auxiliary_historical_not_analyzed
lr_0163,1.4,auxiliary_historical_not_analyzed
lr_0164,0.4,auxiliary_historical_not_analyzed
lr_0165,1.1,auxiliary_historical_not_analyzed
lr_0166,0.3,auxiliary_historical_not_analyzed
lr_0167,1.7,auxiliary_historical_not_analyzed
lr_0168,2.5,auxiliary_historical_not_analyzed
lr_0169,1.2,auxiliary_historical_not_analyzed
lr_0170,2.0,auxiliary_historical_not_analyzed
lr_0171,0.56,auxiliary_historical_not_analyzed
lr_0172,0.7,auxiliary_historical_not_analyzed
lr_0173,0.6,auxiliary_historical_not_analyzed
lr_0174,0.6,auxiliary_historical_not_analyzed
lr_0175,1.0,auxiliary_historical_not_analyzed
lr_0176,0.7,auxiliary_historical_not_analyzed
lr_0177,0.7,auxiliary_historical_not_analyzed
lr_0178,0.48,auxiliary_historical_not_analyzed
lr_0179,0.7,auxiliary_historical_not_analyzed
lr_0180,0.7,auxiliary_historical_not_analyzed
lr_0181,0.5,auxiliary_historical_not_analyzed
lr_0182,0.56,auxiliary_historical_not_analyzed
lr_0183,0.45,auxiliary_historical_not_analyzed
lr_0184,0.67,auxiliary_historical_not_analyzed
lr_0185,0.7,auxiliary_historical_not_analyzed
lr_0186,0.5,auxiliary_historical_not_analyzed
lr_0187,0.6,auxiliary_historical_not_analyzed
lr_0188,0.37,auxiliary_historical_not_analyzed
lr_0189,0.45,auxiliary_historical_not_analyzed
lr_0190,0.42,auxiliary_historical_not_analyzed
lr_0191,0.6,auxiliary_historical_not_analyzed
lr_0192,1.1,auxiliary_historical_not_analyzed
lr_0193,0.9,auxiliary_historical_not_analyzed
lr_0194,2.8,auxiliary_historical_not_analyzed
lr_0195,0.7,auxiliary_historical_not_analyzed
lr_0196,0.8,auxiliary_historical_not_analyzed
lr_0197,0.9,auxiliary_historical_not_analyzed
lr_0198,0.3,auxiliary_historical_not_analyzed
lr_0199,2.8,auxiliary_historical_not_analyzed
lr_0200,2.6,auxiliary_historical_not_analyzed
lr_0201,2.8,auxiliary_historical_not_analyzed
lr_0202,1.1,auxiliary_historical_not_analyzed
lr_0203,1.2,auxiliary_historical_not_analyzed
lr_0204,1.6,auxiliary_historical_not_analyzed
lr_0205,1.1,auxiliary_historical_not_analyzed
lr_0206,0.3,auxiliary_historical_not_analyzed
lr_0207,2.2,auxiliary_historical_not_analyzed
lr_0208,2.2,auxiliary_historical_not_analyzed
lr_0209,2.3,auxiliary_historical_not_analyzed
lr_0210,1.6,auxiliary_historical_not_analyzed
lr_0211,1.8,auxiliary_historical_not_analyzed
lr_0212,1.2,auxiliary_historical_not_analyzed
lr_0213,11.0,auxiliary_historical_not_analyzed
lr_0214,8.0,auxiliary_historical_not_analyzed
lr_0215,5.1,auxiliary_historical_not_analyzed
lr_0216,2.8,auxiliary_historical_not_analyzed
lr_0217,1.2,auxiliary_historical_not_analyzed
lr_0218,2.3,auxiliary_historical_not_analyzed
lr_0219,1.0,auxiliary_historical_not_analyzed
lr_0220,2.7,auxiliary_historical_not_analyzed
lr_0221,4.2,auxiliary_historical_not_analyzed
lr_0222,2.8,auxiliary_historical_not_analyzed
lr_0223,0.45,auxiliary_historical_not_analyzed
lr_0224,2.8,auxiliary_historical_not_analyzed
lr_0225,12.0,auxiliary_historical_not_analyzed
lr_0226,4.8,auxiliary_historical_not_analyzed
lr_0227,6.4,auxiliary_historical_not_analyzed
lr_0228,2.8,auxiliary_historical_not_analyzed
lr_0229,2.8,auxiliary_historical_not_analyzed
lr_0230,2.0,auxiliary_historical_not_analyzed
lr_0231,0.4,auxiliary_historical_not_analyzed
lr_0232,0.3,auxiliary_historical_not_analyzed
lr_0233,1.6,auxiliary_historical_not_analyzed
lr_0234,1.2,auxiliary_historical_not_analyzed
lr_0235,1.2,auxiliary_historical_not_analyzed
lr_0236,1.0,auxiliary_historical_not_analyzed
lr_0237,1.2,auxiliary_historical_not_analyzed
lr_0238,8.0,auxiliary_historical_not_analyzed
lr_0239,8.0,auxiliary_historical_not_analyzed
lr_0240,7.7,auxiliary_historical_not_analyzed
lr_0241,4.0,auxiliary_historical_not_analyzed
lr_0242,7.7,auxiliary_historical_not_analyzed
lr_0243,2.0,auxiliary_historical_not_analyzed
lr_0244,0.45,auxiliary_historical_not_analyzed
lr_0245,0.6,auxiliary_historical_not_analyzed
lr_0246,0.5,auxiliary_historical_not_analyzed
lr_0247,0.5,auxiliary_historical_not_analyzed
lr_0248,0.95,auxiliary_historical_not_analyzed
lr_0249,0.95,auxiliary_historical_not_analyzed
lr_0250,0.8,auxiliary_historical_not_analyzed
lr_0251,1.1,auxiliary_historical_not_analyzed
lr_0252,0.2,auxiliary_historical_not_analyzed
lr_0253,0.37,auxiliary_historical_not_analyzed
lr_0254,0.45,auxiliary_historical_not_analyzed
lr_0255,0.56,auxiliary_historical_not_analyzed
lr_0256,0.6,auxiliary_historical_not_analyzed
lr_0257,1.2,auxiliary_historical_not_analyzed
lr_0258,1.0,auxiliary_historical_not_analyzed
lr_0259,0.6,auxiliary_historical_not_analyzed
lr_0260,0.7,auxiliary_historical_not_analyzed
lr_0261,0.6,auxiliary_historical_not_analyzed
lr_0262,0.7,auxiliary_historical_not_analyzed
lr_0263,0.7,auxiliary_historical_not_analyzed
lr_0264,0.7,auxiliary_historical_not_analyzed
lr_0265,0.85,auxiliary_historical_not_analyzed
lr_0266,0.7,auxiliary_historical_not_analyzed
lr_0267,0.72,auxiliary_historical_not_analyzed
lr_0268,1.0,auxiliary_historical_not_analyzed
lr_0269,0.7,auxiliary_historical_not_analyzed
lr_0270,0.3,auxiliary_historical_not_analyzed
lr_0271,0.4,auxiliary_historical_not_analyzed
lr_0272,0.36,auxiliary_historical_not_analyzed
lr_0273,0.37,auxiliary_historical_not_analyzed
lr_0274,0.4,auxiliary_historical_not_analyzed
lr_0275,0.6,auxiliary_historical_not_analyzed
lr_0276,0.37,auxiliary_historical_not_analyzed
lr_0277,1.1,auxiliary_historical_not_analyzed
lr_0278,0.6,auxiliary_historical_not_analyzed
lr_0279,0.18,auxiliary_historical_not_analyzed
lr_0280,0.8,auxiliary_historical_not_analyzed
lr_0281,0.9,auxiliary_historical_not_analyzed
lr_0282,1.0,auxiliary_historical_not_analyzed
lr_0283,0.95,auxiliary_historical_not_analyzed
lr_0284,0.13,auxiliary_historical_not_analyzed
lr_0285,0.13,auxiliary_historical_not_analyzed
lr_0286,0.11,auxiliary_historical_not_analyzed
lr_0287,0.11,auxiliary_historical_not_analyzed
lr_0288,0.11,auxiliary_historical_not_analyzed
lr_0289,0.11,auxiliary_historical_not_analyzed
lr_0290,0.13,auxiliary_historical_not_analyzed
lr_0291,8.5,auxiliary_historical_not_analyzed
lr_0292,1.2,auxiliary_historical_not_analyzed
lr_0293,0.18,auxiliary_historical_not_analyzed
lr_0294,0.3,auxiliary_historical_not_analyzed
lr_0295,2.5,auxiliary_historical_not_analyzed
lr_0296,6.0,auxiliary_historical_not_analyzed
lr_0297,2.2,auxiliary_historical_not_analyzed
lr_0298,3.0,auxiliary_historical_not_analyzed
lr_0299,6.0,auxiliary_historical_not_analyzed
lr_0300,6.5,auxiliary_historical_not_analyzed
lr_0301,6.0,auxiliary_historical_not_analyzed
lr_0302,6.8,auxiliary_historical_not_analyzed
lr_0303,7.3,auxiliary_historical_not_analyzed
lr_0304,7.3,auxiliary_historical_not_analyzed
lr_0305,6.8,auxiliary_historical_not_analyzed
lr_0306,7.0,auxiliary_historical_not_analyzed
lr_0307,0.13,auxiliary_historical_not_analyzed
lr_0308,1.0,auxiliary_historical_not_analyzed
lr_0309,3.5,auxiliary_historical_not_analyzed
lr_0310,2.5,auxiliary_historical_not_analyzed
lr_0311,6.0,auxiliary_historical_not_analyzed
lr_0312,6.0,auxiliary_historical_not_analyzed
lr_0313,3.0,auxiliary_historical_not_analyzed
lr_0314,3.5,auxiliary_historical_not_analyzed
lr_0315,16.0,auxiliary_historical_not_analyzed
lr_0316,12.0,auxiliary_historical_not_analyzed
lr_0317,0.7,auxiliary_historical_not_analyzed
lr_0318,0.23,auxiliary_historical_not_analyzed
lr_0319,0.4,auxiliary_historical_not_analyzed
lr_0320,0.07,auxiliary_historical_not_analyzed
lr_0321,0.01,auxiliary_historical_not_analyzed
lr_0322,15.0,auxiliary_historical_not_analyzed
lr_0323,0.05,auxiliary_historical_not_analyzed
lr_0324,6.0,auxiliary_historical_not_analyzed
lr_0325,4.2,auxiliary_historical_not_analyzed
lr_0326,4.6,auxiliary_historical_not_analyzed
lr_0327,9.7,auxiliary_historical_not_analyzed
lr_0328,3.8,auxiliary_historical_not_analyzed
lr_0329,2.6,auxiliary_historical_not_analyzed
lr_0330,10.0,auxiliary_historical_not_analyzed
lr_0331,0.2,auxiliary_historical_not_analyzed
lr_0332,0.22,auxiliary_historical_not_analyzed
lr_0333,0.6,auxiliary_historical_not_analyzed
lr_0334,9.0,auxiliary_historical_not_analyzed
lr_0335,0.12,auxiliary_historical_not_analyzed
lr_0336,18.0,auxiliary_historical_not_analyzed
lr_0337,15.0,auxiliary_historical_not_analyzed
lr_0338,52.0,auxiliary_historical_not_analyzed
lr_0339,0.15,auxiliary_historical_not_analyzed
lr_0340,0.04,auxiliary_historical_not_analyzed
lr_0341,0.01,auxiliary_historical_not_analyzed
lr_0342,15.0,auxiliary_historical_not_analyzed
lr_0343,0.15,auxiliary_historical_not_analyzed
lr_0344,8.0,auxiliary_historical_not_analyzed
lr_0345,0.08,auxiliary_historical_not_analyzed
lr_0346,2.5,auxiliary_historical_not_analyzed
lr_0347,2.5,auxiliary_historical_not_analyzed
lr_0348,6.5,auxiliary_historical_not_analyzed
lr_0349,6.5,auxiliary_historical_not_analyzed
lr_0350,0.5,auxiliary_historical_not_analyzed
lr_0351,3.0,auxiliary_historical_not_analyzed
lr_0352,2.5,auxiliary_historical_not_analyzed
lr_0353,2.5,auxiliary_historical_not_analyzed
lr_0354,2.5,auxiliary_historical_not_analyzed
lr_0355,1.0,auxiliary_historical_not_analyzed
lr_0356,2.5,auxiliary_historical_not_analyzed
lr_0357,1.6,auxiliary_historical_not_analyzed
lr_0358,2.5,auxiliary_historical_not_analyzed
lr_0359,2.5,auxiliary_historical_not_analyzed
lr_0360,5.5,auxiliary_historical_not_analyzed
lr_0361,5.0,auxiliary_historical_not_analyzed
lr_0362,0.6,auxiliary_historical_not_analyzed
lr_0363,0.7,auxiliary_historical_not_analyzed
lr_0364,0.7,auxiliary_historical_not_analyzed
lr_0365,1.0,auxiliary_historical_not_analyzed
lr_0366,0.7,auxiliary_historical_not_analyzed
lr_0367,0.6,auxiliary_historical_not_analyzed
lr_0368,0.7,auxiliary_historical_not_analyzed
lr_0369,0.6,auxiliary_historical_not_analyzed
lr_0370,1.0,auxiliary_historical_not_analyzed
lr_0371,0.4,auxiliary_historical_not_analyzed
lr_0372,0.4,auxiliary_historical_not_analyzed
lr_0373,2.5,auxiliary_historical_not_analyzed
lr_0374,4.5,auxiliary_historical_not_analyzed
lr_0375,6.0,auxiliary_historical_not_analyzed
lr_0376,3.5,auxiliary_historical_not_analyzed
lr_0377,2.5,auxiliary_historical_not_analyzed
lr_0378,1.5,auxiliary_historical_not_analyzed
lr_0379,2.5,auxiliary_historical_not_analyzed
lr_0380,1.3,auxiliary_historical_not_analyzed
lr_0381,1.2,auxiliary_historical_not_analyzed
lr_0382,2.5,auxiliary_historical_not_analyzed
lr_0383,1.2,auxiliary_historical_not_analyzed
lr_0384,1.1,auxiliary_historical_not_analyzed
lr_0385,1.2,auxiliary_historical_not_analyzed
lr_0386,0.7,auxiliary_historical_not_analyzed
lr_0387,0.15,auxiliary_historical_not_analyzed
lr_0388,0.3,auxiliary_historical_not_analyzed
lr_0389,0.7,auxiliary_historical_not_analyzed
lr_0390,0.6,auxiliary_historical_not_analyzed
lr_0391,0.6,auxiliary_historical_not_analyzed
lr_0392,0.7,auxiliary_historical_not_analyzed
lr_0393,0.7,auxiliary_historical_not_analyzed
lr_0394,0.8,auxiliary_historical_not_analyzed
lr_0395,0.7,auxiliary_historical_not_analyzed
lr_0396,0.7,auxiliary_historical_not_analyzed
lr_0397,0.7,auxiliary_historical_not_analyzed
lr_0398,0.9,auxiliary_historical_not_analyzed
lr_0399,0.9,auxiliary_historical_not_analyzed
lr_0400,1.2,auxiliary_historical_not_analyzed
lr_0401,6.4,auxiliary_historical_not_analyzed
lr_0402,7.2,auxiliary_historical_not_analyzed
lr_0403,6.4,auxiliary_historical_not_analyzed
lr_0404,2.8,auxiliary_historical_not_analyzed
lr_0405,1.5,auxiliary_historical_not_analyzed
lr_0406,2.7,auxiliary_historical_not_analyzed
lr_0407,6.4,auxiliary_historical_not_analyzed
lr_0408,0.56,auxiliary_historical_not_analyzed
lr_0409,0.44,auxiliary_historical_not_analyzed
lr_0410,0.45,auxiliary_historical_not_analyzed
lr_0411,0.7,auxiliary_historical_not_analyzed
lr_0412,0.4,auxiliary_historical_not_analyzed
lr_0413,0.44,auxiliary_historical_not_analyzed
lr_0414,0.56,auxiliary_historical_not_analyzed
lr_0415,0.8,auxiliary_historical_not_analyzed
lr_0416,2.8,auxiliary_historical_not_analyzed
lr_0417,1.6,auxiliary_historical_not_analyzed
lr_0418,5.6,auxiliary_historical_not_analyzed
lr_0419,0.25,auxiliary_historical_not_analyzed
lr_0420,0.4,auxiliary_historical_not_analyzed
lr_0421,0.6,auxiliary_historical_not_analyzed
lr_0422,1.4,auxiliary_historical_not_analyzed
lr_0423,1.2,auxiliary_historical_not_analyzed
lr_0424,1.5,auxiliary_historical_not_analyzed
lr_0425,1.3,auxiliary_historical_not_analyzed
lr_0426,2.1,auxiliary_historical_not_analyzed
lr_0427,1.2,auxiliary_historical_not_analyzed
lr_0428,1.2,auxiliary_historical_not_analyzed
lr_0429,1.0,auxiliary_historical_not_analyzed
lr_0430,3.4,auxiliary_historical_not_analyzed
lr_0431,3.4,auxiliary_historical_not_analyzed
lr_0432,3.4,auxiliary_historical_not_analyzed
lr_0433,2.3,auxiliary_historical_not_analyzed
lr_0434,3.4,auxiliary_historical_not_analyzed
lr_0435,5.3,auxiliary_historical_not_analyzed
lr_0436,3.0,auxiliary_historical_not_analyzed
lr_0437,2.1,auxiliary_historical_not_analyzed
lr_0438,1.0,auxiliary_historical_not_analyzed
lr_0439,2.4,auxiliary_historical_not_analyzed
lr_0440,2.1,auxiliary_historical_not_analyzed
lr_0441,1.3,auxiliary_historical_not_analyzed
lr_0442,3.0,auxiliary_historical_not_analyzed
lr_0443,2.5,auxiliary_historical_not_analyzed
lr_0444,5.0,auxiliary_historical_not_analyzed
lr_0445,2.8,auxiliary_historical_not_analyzed
lr_0446,0.7,auxiliary_historical_not_analyzed
lr_0447,0.2,auxiliary_historical_not_analyzed
lr_0448,0.4,auxiliary_historical_not_analyzed
lr_0449,0.4,auxiliary_historical_not_analyzed
lr_0450,0.6,auxiliary_historical_not_analyzed
lr_0451,2.4,auxiliary_historical_not_analyzed
lr_0452,0.7,auxiliary_historical_not_analyzed
lr_0453,0.4,auxiliary_historical_not_analyzed
lr_0454,0.8,auxiliary_historical_not_analyzed
lr_0455,0.95,auxiliary_historical_not_analyzed
lr_0456,1.0,auxiliary_historical_not_analyzed
lr_0457,0.3,auxiliary_historical_not_analyzed
lr_0458,0.4,auxiliary_historical_not_analyzed
lr_0459,1.6,auxiliary_historical_not_analyzed
lr_0460,0.4,auxiliary_historical_not_analyzed
lr_0461,0.4,auxiliary_historical_not_analyzed
lr_0462,0.4,auxiliary_historical_not_analyzed
lr_0463,0.4,auxiliary_historical_not_analyzed
lr_0464,0.4,auxiliary_historical_not_analyzed
lr_0465,0.4,auxiliary_historical_not_analyzed
lr_0466,0.5,auxiliary_historical_not_analyzed
lr_0467,0.4,auxiliary_historical_not_analyzed
lr_0468,0.7,auxiliary_historical_not_analyzed
lr_0469,0.6,auxiliary_historical_not_analyzed
lr_0470,1.0,auxiliary_historical_not_analyzed
lr_0471,1.5,auxiliary_historical_not_analyzed
lr_0472,1.3,auxiliary_historical_not_analyzed
lr_0473,1.0,auxiliary_historical_not_analyzed
lr_0474,1.5,auxiliary_historical_not_analyzed
lr_0475,1.0,auxiliary_historical_not_analyzed
lr_0476,0.7,auxiliary_historical_not_analyzed
lr_0477,1.0,auxiliary_historical_not_analyzed
lr_0478,1.0,auxiliary_historical_not_analyzed
lr_0479,1.0,auxiliary_historical_not_analyzed
lr_0480,0.4,auxiliary_historical_not_analyzed
lr_0481,1.0,auxiliary_historical_not_analyzed
lr_0482,0.7,auxiliary_historical_not_analyzed
lr_0483,3.0,auxiliary_historical_not_analyzed
lr_0484,1.6,auxiliary_historical_not_analyzed
lr_0485,2.0,auxiliary_historical_not_analyzed
lr_0486,2.8,auxiliary_historical_not_analyzed
lr_0487,1.0,auxiliary_historical_not_analyzed
lr_0488,3.0,auxiliary_historical_not_analyzed
lr_0489,3.0,auxiliary_historical_not_analyzed
lr_0490,2.5,auxiliary_historical_not_analyzed
lr_0491,2.5,auxiliary_historical_not_analyzed
lr_0492,2.5,auxiliary_historical_not_analyzed
lr_0493,1.0,auxiliary_historical_not_analyzed
lr_0494,1.0,auxiliary_historical_not_analyzed
lr_0495,1.0,auxiliary_historical_not_analyzed
lr_0496,1.0,auxiliary_historical_not_analyzed
lr_0497,0.6,auxiliary_historical_not_analyzed
lr_0498,0.7,auxiliary_historical_not_analyzed
lr_0499,15.0,auxiliary_historical_not_analyzed
lr_0500,0.3,auxiliary_historical_not_analyzed
lr_0501,1.6,auxiliary_historical_not_analyzed
lr_0502,1.1,auxiliary_historical_not_analyzed
lr_0503,0.9,auxiliary_historical_not_analyzed
lr_0504,1.0,auxiliary_historical_not_analyzed
lr_0505,0.5,auxiliary_historical_not_analyzed
lr_0506,1.2,auxiliary_historical_not_analyzed
lr_0507,1.0,auxiliary_historical_not_analyzed
lr_0508,1.2,auxiliary_historical_not_analyzed
lr_0509,0.7,auxiliary_historical_not_analyzed
lr_0510,1.2,auxiliary_historical_not_analyzed
lr_0511,1.0,auxiliary_historical_not_analyzed
lr_0512,1.1,auxiliary_historical_not_analyzed
lr_0513,1.0,auxiliary_historical_not_analyzed
lr_0514,0.5,auxiliary_historical_not_analyzed
lr_0515,0.4,auxiliary_historical_not_analyzed
lr_0516,0.6,auxiliary_historical_not_analyzed
lr_0517,0.9,auxiliary_historical_not_analyzed
lr_0518,0.4,auxiliary_historical_not_analyzed
lr_0519,0.6,auxiliary_historical_not_analyzed
lr_0520,0.7,auxiliary_historical_not_analyzed
lr_0521,0.7,auxiliary_historical_not_analyzed
lr_0522,0.6,auxiliary_historical_not_analyzed
lr_0523,1.0,auxiliary_historical_not_analyzed
lr_0524,0.4,auxiliary_historical_not_analyzed
lr_0525,1.1,auxiliary_historical_not_analyzed
lr_0526,0.7,auxiliary_historical_not_analyzed
lr_0527,24.0,auxiliary_historical_not_analyzed
lr_0528,3.0,auxiliary_historical_not_analyzed
lr_0529,4.0,auxiliary_historical_not_analyzed
lr_0530,24.0,auxiliary_historical_not_analyzed
lr_0531,20.0,auxiliary_historical_not_analyzed
lr_0532,15.0,auxiliary_historical_not_analyzed
lr_0533,15.0,auxiliary_historical_not_analyzed
lr_0534,1.2,auxiliary_historical_not_analyzed
lr_0535,0.7,auxiliary_historical_not_analyzed
lr_0536,0.7,auxiliary_historical_not_analyzed
lr_0537,0.4,auxiliary_historical_not_analyzed
lr_0538,0.15,auxiliary_historical_not_analyzed
lr_0539,0.3,auxiliary_historical_not_analyzed
lr_0540,0.5,auxiliary_historical_not_analyzed
lr_0541,1.0,auxiliary_historical_not_analyzed
lr_0542,0.6,auxiliary_historical_not_analyzed
lr_0543,0.3,auxiliary_historical_not_analyzed
lr_0544,3.5,auxiliary_historical_not_analyzed
lr_0545,1.8,auxiliary_historical_not_analyzed
lr_0546,4.0,auxiliary_historical_not_analyzed
lr_0547,2.5,auxiliary_historical_not_analyzed
lr_0548,4.0,auxiliary_historical_not_analyzed
lr_0549,1.5,auxiliary_historical_not_analyzed
lr_0550,4.0,auxiliary_historical_not_analyzed
lr_0551,4.0,auxiliary_historical_not_analyzed
lr_0552,2.5,auxiliary_historical_not_analyzed
lr_0553,1.2,auxiliary_historical_not_analyzed
lr_0554,1.3,auxiliary_historical_not_analyzed
lr_0555,2.5,auxiliary_historical_not_analyzed
lr_0556,3.0,auxiliary_historical_not_analyzed
lr_0557,1.0,auxiliary_historical_not_analyzed
lr_0558,1.8,auxiliary_historical_not_analyzed
lr_0559,1.3,auxiliary_historical_not_analyzed
lr_0560,2.5,auxiliary_historical_not_analyzed
lr_0561,1.3,auxiliary_historical_not_analyzed
lr_0562,1.5,auxiliary_historical_not_analyzed
lr_0563,1.2,auxiliary_historical_not_analyzed
lr_0564,1.6,auxiliary_historical_not_analyzed
lr_0565,2.0,auxiliary_historical_not_analyzed
lr_0566,2.5,auxiliary_historical_not_analyzed
lr_0567,0.4,auxiliary_historical_not_analyzed
lr_0568,0.3,auxiliary_historical_not_analyzed
lr_0569,0.2,auxiliary_historical_not_analyzed
lr_0570,0.4,auxiliary_historical_not_analyzed
lr_0571,0.6,auxiliary_historical_not_analyzed
lr_0572,0.4,auxiliary_historical_not_analyzed
lr_0573,0.3,auxiliary_historical_not_analyzed
lr_0574,1.0,auxiliary_historical_not_analyzed
lr_0575,0.3,auxiliary_historical_not_analyzed
lr_0576,0.4,auxiliary_historical_not_analyzed
lr_0577,3.5,auxiliary_historical_not_analyzed
lr_0578,0.4,auxiliary_historical_not_analyzed
lr_0579,0.7,auxiliary_historical_not_analyzed
lr_0580,0.95,auxiliary_historical_not_analyzed
lr_0581,0.7,auxiliary_historical_not_analyzed
lr_0582,0.7,auxiliary_historical_not_analyzed
lr_0583,0.7,auxiliary_historical_not_analyzed
lr_0584,1.0,auxiliary_historical_not_analyzed
lr_0585,0.7,auxiliary_historical_not_analyzed
lr_0586,0.4,auxiliary_historical_not_analyzed
lr_0587,0.4,auxiliary_historical_not_analyzed
lr_0588,0.6,auxiliary_historical_not_analyzed
lr_0589,0.4,auxiliary_historical_not_analyzed
lr_0590,0.3,auxiliary_historical_not_analyzed
lr_0591,0.4,auxiliary_historical_not_analyzed
lr_0592,1.0,auxiliary_historical_not_analyzed
lr_0593,0.4,auxiliary_historical_not_analyzed
lr_0594,0.4,auxiliary_historical_not_analyzed
lr_0595,0.7,auxiliary_historical_not_analyzed
lr_0596,2.5,auxiliary_historical_not_analyzed
lr_0597,0.3,auxiliary_historical_not_analyzed
lr_0598,0.7,auxiliary_historical_not_analyzed
lr_0599,0.7,auxiliary_historical_not_analyzed
lr_0600,0.85,auxiliary_historical_not_analyzed
lr_0601,0.6,auxiliary_historical_not_analyzed
lr_0602,0.7,auxiliary_historical_not_analyzed
lr_0603,0.7,auxiliary_historical_not_analyzed
lr_0604,0.9,auxiliary_historical_not_analyzed
lr_0605,0.8,auxiliary_historical_not_analyzed
lr_0606,0.7,auxiliary_historical_not_analyzed
lr_0607,0.9,auxiliary_historical_not_analyzed
lr_0608,1.0,auxiliary_historical_not_analyzed
lr_0609,0.3,auxiliary_historical_not_analyzed
lr_0610,0.6,auxiliary_historical_not_analyzed
lr_0611,9.0,auxiliary_historical_not_analyzed
lr_0612,4.3,auxiliary_historical_not_analyzed
lr_0613,4.2,auxiliary_historical_not_analyzed
lr_0614,3.0,auxiliary_historical_not_analyzed
lr_0615,9.7,auxiliary_historical_not_analyzed
lr_0616,4.6,auxiliary_historical_not_analyzed
lr_0617,4.3,auxiliary_historical_not_analyzed
lr_0618,4.2,auxiliary_historical_not_analyzed
lr_0619,4.6,auxiliary_historical_not_analyzed
lr_0620,4.5,auxiliary_historical_not_analyzed
lr_0621,2.0,auxiliary_historical_not_analyzed
lr_0622,2.6,auxiliary_historical_not_analyzed
lr_0623,1.7,auxiliary_historical_not_analyzed
lr_0624,2.0,auxiliary_historical_not_analyzed
lr_0625,2.7,auxiliary_historical_not_analyzed
lr_0626,1.2,auxiliary_historical_not_analyzed
lr_0627,1.2,auxiliary_historical_not_analyzed
lr_0628,1.2,auxiliary_historical_not_analyzed
lr_0629,2.5,auxiliary_historical_not_analyzed
lr_0630,1.2,auxiliary_historical_not_analyzed
lr_0631,2.9,auxiliary_historical_not_analyzed
lr_0632,1.3,auxiliary_historical_not_analyzed
lr_0633,3.8,auxiliary_historical_not_analyzed
lr_0634,4.2,auxiliary_historical_not_analyzed
lr_0635,1.2,auxiliary_historical_not_analyzed
lr_0636,3.8,auxiliary_historical_not_analyzed
lr_0637,0.5,auxiliary_historical_not_analyzed
lr_0638,1.0,auxiliary_historical_not_analyzed
lr_0639,1.2,auxiliary_historical_not_analyzed
lr_0640,0.2,auxiliary_historical_not_analyzed
lr_0641,0.2,auxiliary_historical_not_analyzed
lr_0642,0.29,auxiliary_historical_not_analyzed
lr_0643,0.42,auxiliary_historical_not_analyzed
lr_0644,0.2,auxiliary_historical_not_analyzed
lr_0645,0.7,auxiliary_historical_not_analyzed
lr_0646,0.5,auxiliary_historical_not_analyzed
lr_0647,0.6,auxiliary_historical_not_analyzed
lr_0648,0.7,auxiliary_historical_not_analyzed
lr_0649,0.3,auxiliary_historical_not_analyzed
lr_0650,0.4,auxiliary_historical_not_analyzed
lr_0651,0.4,auxiliary_historical_not_analyzed
lr_0652,0.85,auxiliary_historical_not_analyzed
lr_0653,0.7,auxiliary_historical_not_analyzed
lr_0654,0.85,auxiliary_historical_not_analyzed
lr_0655,0.6,auxiliary_historical_not_analyzed
lr_0656,0.7,auxiliary_historical_not_analyzed
lr_0657,0.7,auxiliary_historical_not_analyzed
lr_0658,0.85,auxiliary_historical_not_analyzed
lr_0659,0.4,auxiliary_historical_not_analyzed
lr_0660,0.5,auxiliary_historical_not_analyzed
lr_0661,0.7,auxiliary_historical_not_analyzed
lr_0662,0.5,auxiliary_historical_not_analyzed
lr_0663,0.7,auxiliary_historical_not_analyzed
lr_0664,1.0,auxiliary_historical_not_analyzed
lr_0665,0.7,auxiliary_historical_not_analyzed
lr_0666,0.6,auxiliary_historical_not_analyzed
lr_0667,3.1,auxiliary_historical_not_analyzed
lr_0668,1.2,auxiliary_historical_not_analyzed
lr_0669,2.1,auxiliary_historical_not_analyzed
lr_0670,2.0,auxiliary_historical_not_analyzed
lr_0671,2.4,auxiliary_historical_not_analyzed
lr_0672,2.5,auxiliary_historical_not_analyzed
lr_0673,6.0,auxiliary_historical_not_analyzed
lr_0674,2.5,auxiliary_historical_not_analyzed
lr_0675,3.5,auxiliary_historical_not_analyzed
lr_0676,2.0,auxiliary_historical_not_analyzed
lr_0677,2.5,auxiliary_historical_not_analyzed
lr_0678,2.0,auxiliary_historical_not_analyzed
lr_0679,1.2,auxiliary_historical_not_analyzed
lr_0680,1.0,auxiliary_historical_not_analyzed
lr_0681,3.3,auxiliary_historical_not_analyzed
lr_0682,6.0,auxiliary_historical_not_analyzed
lr_0683,2.5,auxiliary_historical_not_analyzed
lr_0684,0.4,auxiliary_historical_not_analyzed
lr_0685,1.0,auxiliary_historical_not_analyzed
lr_0686,0.2,auxiliary_historical_not_analyzed
lr_0687,0.7,auxiliary_historical_not_analyzed
lr_0688,0.6,auxiliary_historical_not_analyzed
lr_0689,0.7,auxiliary_historical_not_analyzed
lr_0690,0.7,auxiliary_historical_not_analyzed
lr_0691,0.4,auxiliary_historical_not_analyzed
lr_0692,0.4,auxiliary_historical_not_analyzed
lr_0693,0.6,auxiliary_historical_not_analyzed
lr_0694,0.7,auxiliary_historical_not_analyzed
lr_0695,0.6,auxiliary_historical_not_analyzed
lr_0696,0.6,auxiliary_historical_not_analyzed
lr_0697,1.0,auxiliary_historical_not_analyzed
lr_0698,0.7,auxiliary_historical_not_analyzed
lr_0699,0.4,auxiliary_historical_not_analyzed
lr_0700,0.6,auxiliary_historical_not_analyzed
