row_id,lr_gpt-4o-2024-11-20,lr_o3-2025-04-16,lr_gpt-5
lr_0001,20.0,30.0,35.0
lr_0002,0.25,0.07,0.02
lr_0003,11.0,20.0,14.0
lr_0004,14.0,3.0,7.0
lr_0005,6.5,4.0,3.3
lr_0006,4.5,4.0,6.0
lr_0007,8.0,6.0,6.5
lr_0008,6.0,6.0,5.3
lr_0009,4.5,2.5,3.3
lr_0010,0.3,0.7,0.9
lr_0011,0.2,0.8,0.4
lr_0012,3.5,0.5,0.6
lr_0013,0.4,0.8,0.8
lr_0014,0.2,0.3,0.4
lr_0015,0.5,0.78,0.7
lr_0016,0.3,0.6,0.56
lr_0017,3.5,3.0,3.0
lr_0018,2.5,2.5,2.5
lr_0019,3.0,3.0,2.3
lr_0020,2.5,6.0,2.2
lr_0021,2.0,1.6,1.4
lr_0022,0.9,2.0,2.2
lr_0023,1.2,2.0,1.4
lr_0024,1.3,1.7,1.2
lr_0025,1.5,1.6,1.3
lr_0026,1.5,2.0,1.2
lr_0027,1.5,1.4,1.2
lr_0028,1.2,1.3,1.3
lr_0029,1.8,3.0,2.5
lr_0030,2.1,4.0,7.0
lr_0031,4.5,3.2,3.0
lr_0032,3.5,3.5,2.5
lr_0033,3.0,3.0,2.5
lr_0034,3.5,3.5,2.4
lr_0035,2.5,2.5,2.3
lr_0036,2.5,1.8,2.3
lr_0037,2.5,2.5,1.5
lr_0038,2.5,4.7,4.7
lr_0039,3.5,3.5,2.3
lr_0040,2.5,2.0,1.3
lr_0041,1.8,1.7,1.2
lr_0042,1.2,0.7,1.0
lr_0043,4.5,3.0,2.0
lr_0044,0.8,0.5,0.8
lr_0045,1.8,2.0,1.5
lr_0046,1.2,0.6,0.7
lr_0047,2.5,0.4,0.9
lr_0048,0.5,0.25,0.2
lr_0049,3.5,3.0,2.0
lr_0050,3.5,4.0,2.1
lr_0051,1.5,1.4,1.2
lr_0052,2.5,2.7,0.8
lr_0053,0.3,0.25,0.3
lr_0054,3.0,5.3,4.0
lr_0055,13.0,4.0,4.0
lr_0056,5.0,3.0,2.0
lr_0057,50.0,6.5,5.5
lr_0058,10.0,8.0,9.0
lr_0059,4.7,2.5,2.0
lr_0060,4.5,2.0,1.8
lr_0061,8.5,7.0,7.0
lr_0062,4.2,1.2,2.0
lr_0063,2.5,0.8,1.6
lr_0064,0.2,0.08,0.12
lr_0065,0.3,0.3,0.4
lr_0066,0.9,0.25,0.4
lr_0067,0.85,0.6,0.75
lr_0068,0.67,0.75,0.55
lr_0069,0.85,0.6,0.7
lr_0070,0.85,0.6,0.9
lr_0071,0.67,0.8,0.8
lr_0072,0.85,0.8,0.87
lr_0073,0.67,0.5,0.9
lr_0074,0.85,0.8,0.6
lr_0075,0.67,0.85,0.9
lr_0076,1.0,0.96,0.95
lr_0077,0.9,0.8,0.95
lr_0078,0.67,0.8,0.95
lr_0079,0.9,0.9,0.93
lr_0080,0.4,0.33,0.6
lr_0081,0.67,0.6,0.7
lr_0082,0.67,0.6,0.77
lr_0083,0.6,1.2,1.2
lr_0084,0.6,0.7,0.8
lr_0085,0.67,0.45,0.8
lr_0086,0.67,0.65,0.7
lr_0087,0.67,0.67,0.8
lr_0088,0.67,0.8,0.9
lr_0089,1.2,0.8,0.9
lr_0090,0.67,0.8,0.8
lr_0091,0.67,0.7,0.6
lr_0092,0.67,0.94,0.96
lr_0093,0.67,1.3,1.3
lr_0094,0.67,0.8,0.85
lr_0095,0.85,0.9,0.88
lr_0096,0.9,0.9,1.2
lr_0097,0.67,0.95,0.97
lr_0098,1.2,1.3,1.3
lr_0099,0.8,0.9,0.9
lr_0100,0.8,0.8,0.94
lr_0101,0.67,0.9,0.95
lr_0102,0.85,0.9,1.1
lr_0103,2.5,1.3,1.2
lr_0104,0.25,0.35,0.6
lr_0105,0.67,0.7,0.85
lr_0106,0.67,0.7,0.85
lr_0107,7.6,8.0,1.2
lr_0108,7.5,3.0,7.6
lr_0109,5.0,1.7,2.6
lr_0110,2.0,3.0,1.7
lr_0111,6.0,4.0,6.6
lr_0112,3.5,6.0,4.0
lr_0113,5.0,4.0,5.7
lr_0114,7.6,3.0,3.0
lr_0115,1.2,2.5,1.5
lr_0116,0.15,0.11,0.4
lr_0117,0.4,0.5,0.6
lr_0118,0.25,0.5,0.6
lr_0119,0.4,0.75,0.85
lr_0120,0.25,0.8,0.74
lr_0121,0.5,0.8,0.85
lr_0122,0.67,0.6,0.7
lr_0123,0.2,0.6,0.4
lr_0124,0.67,0.85,0.9
lr_0125,1.5,2.0,1.6
lr_0126,4.5,2.3,2.0
lr_0127,20.0,1.4,1.6
lr_0128,0.1,0.15,0.08
lr_0129,0.1,0.25,0.35
lr_0130,0.1,0.06,0.1
lr_0131,12.0,10.0,8.0
lr_0132,12.0,12.0,12.0
lr_0133,12.0,3.5,12.0
lr_0134,12.0,12.0,12.0
lr_0135,7.5,9.0,12.0
lr_0136,8.5,12.0,8.0
lr_0137,0.25,0.7,0.48
lr_0138,0.25,0.45,0.6
lr_0139,0.25,0.5,0.82
lr_0140,0.25,0.35,0.7
lr_0141,0.2,0.07,0.13
lr_0142,0.3,0.7,0.7
lr_0143,2.5,3.0,1.3
lr_0144,1.8,4.5,3.0
lr_0145,2.5,3.0,2.6
lr_0146,1.2,1.8,1.3
lr_0147,2.5,2.5,2.3
lr_0148,1.3,2.5,2.2
lr_0149,1.8,1.8,1.3
lr_0150,3.5,3.0,3.5
lr_0151,1.5,1.8,1.0
lr_0152,2.5,3.3,1.8
lr_0153,11.0,11.0,11.0
lr_0154,4.5,5.0,4.4
lr_0155,2.5,2.5,2.3
lr_0156,2.5,2.0,2.3
lr_0157,4.5,10.0,5.0
lr_0158,3.5,5.0,3.3
lr_0159,0.8,0.33,0.4
lr_0160,4.5,4.0,4.0
lr_0161,3.5,7.0,12.0
lr_0162,3.5,2.5,3.3
lr_0163,2.5,4.8,5.5
lr_0164,0.3,0.2,0.25
lr_0165,1.2,0.33,0.3
lr_0166,0.3,0.4,0.4
lr_0167,2.5,3.0,1.7
lr_0168,2.5,3.3,1.4
lr_0169,2.5,2.0,3.0
lr_0170,2.0,3.5,2.5
lr_0171,0.67,0.6,0.6
lr_0172,0.67,0.75,0.85
lr_0173,0.67,0.75,0.8
lr_0174,0.67,0.4,0.5
lr_0175,0.9,0.8,0.8
lr_0176,0.67,0.75,0.85
lr_0177,0.9,0.9,0.85
lr_0178,0.4,0.3,0.6
lr_0179,0.67,0.4,0.9
lr_0180,0.67,0.75,0.9
lr_0181,0.4,0.4,0.6
lr_0182,0.3,0.7,0.7
lr_0183,0.3,0.66,0.8
lr_0184,0.4,0.85,0.9
lr_0185,0.67,0.63,0.75
lr_0186,0.4,0.6,0.9
lr_0187,0.67,2.3,2.5
lr_0188,0.25,0.3,0.45
lr_0189,0.3,0.5,0.7
lr_0190,0.3,0.35,0.6
lr_0191,0.3,0.45,0.4
lr_0192,2.5,1.2,1.2
lr_0193,0.7,2.3,2.7
lr_0194,3.2,1.4,1.1
lr_0195,0.67,0.8,0.9
lr_0196,0.7,0.8,0.85
lr_0197,0.9,0.7,0.9
lr_0198,0.25,0.13,0.13
lr_0199,4.5,3.3,6.0
lr_0200,2.5,4.0,3.1
lr_0201,3.5,4.5,3.0
lr_0202,1.3,1.6,1.2
lr_0203,1.3,1.8,1.3
lr_0204,2.5,1.8,1.3
lr_0205,0.9,1.3,1.1
lr_0206,0.6,0.4,0.05
lr_0207,6.0,2.8,2.6
lr_0208,6.0,2.2,2.3
lr_0209,3.5,2.3,2.3
lr_0210,2.5,1.5,1.2
lr_0211,3.5,4.0,2.7
lr_0212,1.2,0.7,1.1
lr_0213,11.0,11.0,11.0
lr_0214,6.4,8.0,6.4
lr_0215,4.4,4.5,5.1
lr_0216,2.8,2.8,2.7
lr_0217,1.2,2.8,2.7
lr_0218,2.5,2.5,2.3
lr_0219,1.0,1.0,1.0
lr_0220,3.5,2.5,0.4
lr_0221,4.1,1.0,1.1
lr_0222,4.8,2.3,2.5
lr_0223,0.6,0.5,1.5
lr_0224,4.5,4.5,5.0
lr_0225,12.0,3.5,9.0
lr_0226,12.0,12.0,6.0
lr_0227,12.0,6.5,12.0
lr_0228,4.8,4.5,3.3
lr_0229,3.5,3.5,3.2
lr_0230,4.0,3.0,7.0
lr_0231,0.3,0.3,0.15
lr_0232,0.3,0.25,0.3
lr_0233,2.5,4.0,2.3
lr_0234,1.5,2.2,2.1
lr_0235,2.5,2.1,2.0
lr_0236,1.0,0.4,0.8
lr_0237,1.2,1.3,1.3
lr_0238,12.0,12.0,5.0
lr_0239,8.0,6.5,7.0
lr_0240,8.5,6.0,5.0
lr_0241,8.5,1.8,3.0
lr_0242,8.0,4.0,3.8
lr_0243,8.5,2.5,3.0
lr_0244,0.25,0.44,0.45
lr_0245,0.67,0.6,0.7
lr_0246,0.3,0.4,0.45
lr_0247,0.4,0.5,0.6
lr_0248,0.85,0.7,0.8
lr_0249,0.9,0.7,0.85
lr_0250,0.9,0.9,0.9
lr_0251,2.5,1.0,1.4
lr_0252,0.3,0.2,0.5
lr_0253,0.3,0.33,0.7
lr_0254,0.25,0.66,0.65
lr_0255,0.4,0.45,0.72
lr_0256,0.3,0.33,0.6
lr_0257,0.67,2.0,1.7
lr_0258,1.0,1.0,1.0
lr_0259,0.4,0.5,0.6
lr_0260,0.4,0.7,0.6
lr_0261,0.3,0.65,0.66
lr_0262,0.5,0.8,0.78
lr_0263,0.67,0.8,0.8
lr_0264,0.4,0.75,0.85
lr_0265,0.5,1.2,1.1
lr_0266,0.67,0.75,0.9
lr_0267,0.67,0.6,0.75
lr_0268,0.9,0.9,0.95
lr_0269,2.5,1.3,0.9
lr_0270,0.25,0.3,0.3
lr_0271,0.25,0.25,0.47
lr_0272,0.25,0.35,0.48
lr_0273,0.25,0.33,0.7
lr_0274,0.3,0.33,0.45
lr_0275,0.3,0.44,0.7
lr_0276,0.25,0.8,0.36
lr_0277,2.5,1.3,1.5
lr_0278,0.25,1.2,1.0
lr_0279,0.2,0.4,0.3
lr_0280,0.67,0.8,0.9
lr_0281,0.9,0.9,0.9
lr_0282,1.0,0.9,1.0
lr_0283,1.0,0.8,0.8
lr_0284,0.2,0.08,0.06
lr_0285,0.2,0.15,0.08
lr_0286,0.1,0.05,0.03
lr_0287,0.1,0.1,0.13
lr_0288,0.25,0.18,0.3
lr_0289,0.1,0.23,0.25
lr_0290,0.2,0.2,0.2
lr_0291,12.0,5.4,5.3
lr_0292,6.5,4.0,1.9
lr_0293,0.25,0.25,3.0
lr_0294,0.8,3.5,2.5
lr_0295,3.5,4.0,3.0
lr_0296,6.5,4.0,4.0
lr_0297,2.5,2.3,3.0
lr_0298,3.5,5.5,2.5
lr_0299,8.5,3.5,0.2
lr_0300,3.5,8.0,3.0
lr_0301,3.5,3.5,3.0
lr_0302,4.5,4.0,4.5
lr_0303,4.5,11.0,8.0
lr_0304,7.5,8.0,7.7
lr_0305,6.0,7.0,3.0
lr_0306,7.5,2.5,3.0
lr_0307,0.3,0.15,8.3
lr_0308,0.6,1.8,1.6
lr_0309,0.25,4.2,2.5
lr_0310,3.5,4.0,4.2
lr_0311,2.5,3.5,1.6
lr_0312,0.25,3.0,3.0
lr_0313,0.33,8.0,8.0
lr_0314,4.5,8.0,2.5
lr_0315,15.0,4.0,12.0
lr_0316,15.0,8.0,12.0
lr_0317,0.67,0.74,0.9
lr_0318,0.25,0.25,0.6
lr_0319,0.4,0.5,0.9
lr_0320,0.25,0.05,0.05
lr_0321,0.02,0.06,0.03
lr_0322,50.0,14.0,25.0
lr_0323,0.02,0.05,0.05
lr_0324,2.5,8.0,3.0
lr_0325,4.2,4.3,4.2
lr_0326,4.2,4.3,3.8
lr_0327,4.5,5.0,4.3
lr_0328,2.5,5.4,3.4
lr_0329,4.2,3.3,2.6
lr_0330,10.2,7.0,3.0
lr_0331,0.25,0.08,0.2
lr_0332,0.2,0.1,0.05
lr_0333,0.6,0.4,0.4
lr_0334,50.0,25.0,20.0
lr_0335,0.02,0.1,0.13
lr_0336,15.0,45.0,20.0
lr_0337,15.0,50.0,30.0
lr_0338,100.0,70.0,50.0
lr_0339,0.1,0.14,0.25
lr_0340,0.02,0.05,0.15
lr_0341,0.01,0.02,0.05
lr_0342,15.0,20.0,14.0
lr_0343,0.1,0.05,0.05
lr_0344,12.0,20.0,3.0
lr_0345,0.1,0.25,0.3
lr_0346,2.5,2.3,2.3
lr_0347,3.5,3.0,2.7
lr_0348,3.5,7.0,10.0
lr_0349,15.0,20.0,28.0
lr_0350,0.2,0.6,0.7
lr_0351,3.5,2.3,4.0
lr_0352,3.5,3.0,2.3
lr_0353,0.8,0.8,0.4
lr_0354,2.5,3.0,2.8
lr_0355,0.9,1.1,0.4
lr_0356,2.5,3.5,2.0
lr_0357,1.8,2.5,1.3
lr_0358,3.5,2.5,2.3
lr_0359,3.0,3.2,3.0
lr_0360,4.0,4.5,3.0
lr_0361,6.5,3.0,3.0
lr_0362,0.4,0.4,0.6
lr_0363,0.6,0.4,0.44
lr_0364,0.5,0.4,0.7
lr_0365,0.7,1.0,1.0
lr_0366,0.4,0.5,0.7
lr_0367,0.3,0.6,0.44
lr_0368,0.7,0.9,0.9
lr_0369,0.4,0.5,0.6
lr_0370,1.0,1.1,1.0
lr_0371,0.25,0.9,0.7
lr_0372,0.3,0.6,0.78
lr_0373,2.5,3.5,3.0
lr_0374,4.5,6.0,2.8
lr_0375,5.0,5.0,6.0
lr_0376,6.5,3.0,2.0
lr_0377,3.5,5.0,6.0
lr_0378,1.5,3.5,1.3
lr_0379,2.5,3.0,1.6
lr_0380,1.8,1.3,1.3
lr_0381,2.5,1.6,1.2
lr_0382,6.5,3.0,2.5
lr_0383,1.2,1.5,1.2
lr_0384,0.8,0.6,0.3
lr_0385,1.2,0.5,0.4
lr_0386,0.8,0.3,0.4
lr_0387,0.1,0.2,0.05
lr_0388,0.3,0.22,0.3
lr_0389,0.3,0.5,0.7
lr_0390,0.3,0.33,0.5
lr_0391,0.6,0.75,0.7
lr_0392,0.3,0.6,0.7
lr_0393,0.7,0.78,0.95
lr_0394,0.8,0.7,0.8
lr_0395,0.85,0.9,1.0
lr_0396,0.67,0.84,0.9
lr_0397,0.6,0.8,0.8
lr_0398,0.9,1.3,1.1
lr_0399,0.9,1.7,1.5
lr_0400,0.8,1.6,1.3
lr_0401,6.3,7.0,9.2
lr_0402,6.3,2.1,7.2
lr_0403,6.4,4.5,6.4
lr_0404,2.5,2.5,2.8
lr_0405,2.8,1.3,1.5
lr_0406,11.0,4.5,11.0
lr_0407,2.9,3.0,2.3
lr_0408,0.25,0.25,0.4
lr_0409,0.3,0.55,0.48
lr_0410,0.4,0.3,0.6
lr_0411,0.3,0.6,0.55
lr_0412,0.3,0.6,0.6
lr_0413,0.2,0.2,0.34
lr_0414,0.5,0.65,0.68
lr_0415,0.4,0.7,0.9
lr_0416,3.5,3.0,1.8
lr_0417,16.0,3.0,1.3
lr_0418,16.0,6.0,3.0
lr_0419,0.2,0.13,0.35
lr_0420,0.3,0.33,0.6
lr_0421,0.3,0.5,0.7
lr_0422,2.5,3.0,2.0
lr_0423,1.2,0.4,0.6
lr_0424,1.5,1.3,1.3
lr_0425,1.5,1.2,1.0
lr_0426,2.1,1.5,1.4
lr_0427,1.2,1.2,1.3
lr_0428,1.2,1.3,1.6
lr_0429,0.8,1.3,1.4
lr_0430,3.4,2.5,3.4
lr_0431,2.1,3.4,2.3
lr_0432,3.4,2.0,2.3
lr_0433,2.1,3.4,2.3
lr_0434,3.5,2.5,1.3
lr_0435,2.8,4.5,5.6
lr_0436,2.6,2.5,1.6
lr_0437,2.5,2.0,1.6
lr_0438,1.0,1.0,1.1
lr_0439,1.5,1.7,1.8
lr_0440,2.5,1.5,2.0
lr_0441,1.8,1.2,1.2
lr_0442,3.4,2.3,1.6
lr_0443,1.8,2.0,1.5
lr_0444,6.3,8.8,3.4
lr_0445,2.1,2.3,2.1
lr_0446,0.81,1.2,1.3
lr_0447,0.25,0.25,0.24
lr_0448,0.81,0.6,0.63
lr_0449,0.8,0.6,0.6
lr_0450,0.6,0.6,0.7
lr_0451,1.5,1.7,1.6
lr_0452,0.7,0.8,0.8
lr_0453,0.2,0.07,0.1
lr_0454,0.9,0.8,0.9
lr_0455,0.67,0.85,0.9
lr_0456,0.9,1.6,1.4
lr_0457,0.3,0.4,0.9
lr_0458,0.5,0.6,0.7
lr_0459,1.8,1.7,1.4
lr_0460,0.67,0.7,0.7
lr_0461,0.4,0.5,0.72
lr_0462,0.4,0.8,0.72
lr_0463,0.4,0.38,0.8
lr_0464,0.4,0.38,0.6
lr_0465,0.4,0.65,0.64
lr_0466,0.4,0.6,0.7
lr_0467,0.4,0.5,0.72
lr_0468,0.9,0.95,0.95
lr_0469,0.5,0.8,0.85
lr_0470,0.9,0.95,0.9
lr_0471,2.5,2.5,2.5
lr_0472,1.3,1.1,1.3
lr_0473,1.2,1.1,1.0
lr_0474,2.5,1.3,1.2
lr_0475,1.2,0.9,0.8
lr_0476,0.9,0.4,0.5
lr_0477,0.8,0.4,0.3
lr_0478,0.8,0.4,0.4
lr_0479,0.8,0.4,0.4
lr_0480,0.6,0.3,0.4
lr_0481,0.9,0.3,0.4
lr_0482,0.7,0.33,0.4
lr_0483,3.5,4.0,3.0
lr_0484,2.5,3.0,2.3
lr_0485,4.5,2.6,2.7
lr_0486,2.5,5.0,4.0
lr_0487,1.5,1.0,1.0
lr_0488,1.8,18.0,4.0
lr_0489,3.5,4.0,6.0
lr_0490,2.5,8.0,6.0
lr_0491,2.5,4.0,2.3
lr_0492,2.5,3.0,3.0
lr_0493,1.2,1.2,1.0
lr_0494,1.5,1.0,1.0
lr_0495,1.2,1.0,1.0
lr_0496,1.2,0.6,1.0
lr_0497,0.6,0.45,0.4
lr_0498,0.8,0.3,0.4
lr_0499,15.0,20.0,10.0
lr_0500,0.3,0.4,0.4
lr_0501,3.0,2.5,3.0
lr_0502,0.9,0.6,0.75
lr_0503,0.9,0.7,0.8
lr_0504,0.9,0.9,0.95
lr_0505,0.67,0.7,0.7
lr_0506,1.5,1.4,1.2
lr_0507,1.5,1.3,1.2
lr_0508,0.85,1.8,1.4
lr_0509,0.9,1.4,1.3
lr_0510,0.67,1.4,1.3
lr_0511,0.9,1.2,1.2
lr_0512,0.67,1.2,1.2
lr_0513,0.9,0.85,0.9
lr_0514,0.67,0.6,0.6
lr_0515,0.4,0.65,0.5
lr_0516,0.67,0.4,0.5
lr_0517,0.7,0.9,0.94
lr_0518,0.3,2.5,0.4
lr_0519,0.67,0.7,0.7
lr_0520,0.67,0.7,0.85
lr_0521,0.85,0.8,0.9
lr_0522,0.3,2.0,2.0
lr_0523,0.9,1.3,1.1
lr_0524,0.25,0.7,0.8
lr_0525,0.67,1.2,1.15
lr_0526,0.4,0.25,0.7
lr_0527,24.0,12.0,24.0
lr_0528,3.5,5.0,1.6
lr_0529,4.5,10.0,8.0
lr_0530,30.0,7.0,12.0
lr_0531,24.0,20.0,20.0
lr_0532,15.0,15.0,12.0
lr_0533,15.0,17.0,15.0
lr_0534,3.5,0.4,0.3
lr_0535,0.4,0.8,0.98
lr_0536,0.9,0.8,1.0
lr_0537,0.2,0.2,0.18
lr_0538,0.2,0.16,0.2
lr_0539,0.25,0.22,0.2
lr_0540,0.2,0.33,0.2
lr_0541,0.9,1.0,1.1
lr_0542,0.25,0.44,0.6
lr_0543,4.5,3.0,4.0
lr_0544,1.5,4.0,3.2
lr_0545,2.5,0.5,0.8
lr_0546,4.5,3.0,6.4
lr_0547,3.5,2.5,2.5
lr_0548,4.5,7.0,3.5
lr_0549,4.5,6.0,2.0
lr_0550,4.5,3.2,3.5
lr_0551,4.5,3.0,3.3
lr_0552,3.5,3.0,1.8
lr_0553,2.5,1.3,1.2
lr_0554,1.2,1.3,1.0
lr_0555,3.5,2.5,1.7
lr_0556,4.5,3.0,3.0
lr_0557,1.2,1.1,1.0
lr_0558,1.5,3.0,1.2
lr_0559,2.5,3.5,1.6
lr_0560,2.5,2.5,2.0
lr_0561,3.5,0.5,1.1
lr_0562,2.5,2.0,1.1
lr_0563,2.5,2.5,1.7
lr_0564,2.5,4.5,4.0
lr_0565,1.5,2.5,1.2
lr_0566,3.5,2.2,1.2
lr_0567,0.3,3.0,1.7
lr_0568,0.5,0.4,0.3
lr_0569,0.3,0.2,0.4
lr_0570,0.3,0.4,0.4
lr_0571,0.3,0.5,0.9
lr_0572,0.3,0.33,0.4
lr_0573,0.25,0.3,0.4
lr_0574,0.9,0.9,1.0
lr_0575,0.25,0.3,0.4
lr_0576,0.4,0.4,0.5
lr_0577,0.25,6.0,3.0
lr_0578,0.25,0.4,0.4
lr_0579,0.4,0.45,1.0
lr_0580,0.7,0.7,0.9
lr_0581,0.8,0.9,1.0
lr_0582,0.67,0.06,0.5
lr_0583,0.9,0.7,0.9
lr_0584,0.9,0.96,1.0
lr_0585,0.67,0.5,0.8
lr_0586,0.25,0.15,0.4
lr_0587,0.5,0.05,0.05
lr_0588,0.7,0.5,0.6
lr_0589,0.25,0.4,0.4
lr_0590,0.25,0.2,0.3
lr_0591,0.3,3.0,2.3
lr_0592,0.9,0.9,1.0
lr_0593,0.25,0.23,0.4
lr_0594,0.25,0.25,0.6
lr_0595,0.67,0.8,1.2
lr_0596,0.25,3.3,3.0
lr_0597,0.25,0.12,0.35
lr_0598,0.67,0.7,0.85
lr_0599,0.67,0.75,0.9
lr_0600,0.67,0.8,1.0
lr_0601,0.85,0.8,0.9
lr_0602,0.67,0.7,0.7
lr_0603,0.33,0.3,1.0
lr_0604,0.7,0.7,0.95
lr_0605,0.8,1.2,0.95
lr_0606,0.7,0.05,1.0
lr_0607,0.3,0.6,0.7
lr_0608,0.9,1.1,1.0
lr_0609,0.25,2.5,1.3
lr_0610,0.4,0.4,0.45
lr_0611,8.5,4.3,6.0
lr_0612,4.5,4.3,4.3
lr_0613,4.2,6.0,4.2
lr_0614,3.5,3.5,3.4
lr_0615,4.5,4.6,4.3
lr_0616,4.5,3.5,3.1
lr_0617,4.2,8.0,3.3
lr_0618,10.2,6.0,3.0
lr_0619,4.5,6.0,2.6
lr_0620,4.5,12.0,3.5
lr_0621,2.5,4.0,1.6
lr_0622,3.5,2.0,1.8
lr_0623,2.5,3.0,1.3
lr_0624,1.5,5.3,1.3
lr_0625,4.2,2.8,1.2
lr_0626,1.2,3.5,1.2
lr_0627,2.0,1.7,1.2
lr_0628,1.5,3.0,1.2
lr_0629,10.0,1.7,1.4
lr_0630,1.2,1.4,1.4
lr_0631,3.5,4.2,3.5
lr_0632,1.5,1.2,1.1
lr_0633,3.5,4.0,3.2
lr_0634,4.2,12.0,3.0
lr_0635,2.5,3.2,1.8
lr_0636,16.0,4.0,3.4
lr_0637,0.6,0.67,0.6
lr_0638,0.9,0.5,0.6
lr_0639,1.5,0.9,0.4
lr_0640,0.2,0.15,0.4
lr_0641,0.25,0.17,0.47
lr_0642,0.2,0.6,0.6
lr_0643,0.25,0.4,0.6
lr_0644,0.2,0.25,0.5
lr_0645,0.67,0.65,0.65
lr_0646,0.4,0.6,0.7
lr_0647,0.4,0.6,0.65
lr_0648,0.4,0.8,0.95
lr_0649,0.3,0.6,0.7
lr_0650,0.25,0.2,0.6
lr_0651,0.25,0.35,0.6
lr_0652,0.6,0.74,0.9
lr_0653,0.67,0.8,0.75
lr_0654,0.8,0.6,0.8
lr_0655,0.4,0.53,0.8
lr_0656,0.25,0.5,0.85
lr_0657,0.8,0.7,0.85
lr_0658,0.6,0.96,0.93
lr_0659,0.4,0.8,0.8
lr_0660,0.4,0.5,0.55
lr_0661,0.8,0.6,0.85
lr_0662,0.67,0.8,0.9
lr_0663,0.67,0.6,0.6
lr_0664,1.0,1.1,1.0
lr_0665,0.8,0.8,1.0
lr_0666,0.3,0.85,0.85
lr_0667,4.6,16.0,23.0
lr_0668,4.5,3.0,1.0
lr_0669,3.5,3.5,1.3
lr_0670,3.5,2.5,3.3
lr_0671,4.6,3.0,2.4
lr_0672,4.5,4.5,1.8
lr_0673,14.0,5.0,6.0
lr_0674,2.5,1.5,1.2
lr_0675,3.5,4.0,3.0
lr_0676,0.85,2.4,1.4
lr_0677,3.5,2.1,2.2
lr_0678,4.3,2.5,2.5
lr_0679,1.2,1.6,1.5
lr_0680,1.0,0.3,2.5
lr_0681,4.5,3.0,2.8
lr_0682,4.5,9.0,3.0
lr_0683,3.5,4.0,1.0
lr_0684,0.5,0.07,0.073
lr_0685,0.7,0.45,0.42
lr_0686,0.25,0.4,0.5
lr_0687,0.7,0.45,0.45
lr_0688,0.25,0.7,0.8
lr_0689,0.4,0.65,0.7
lr_0690,0.8,0.44,0.7
lr_0691,0.25,0.3,0.4
lr_0692,0.25,0.28,0.7
lr_0693,0.6,0.4,0.8
lr_0694,0.3,0.44,0.44
lr_0695,0.8,0.8,0.9
lr_0696,0.4,1.0,0.8
lr_0697,0.85,0.7,0.5
lr_0698,0.3,0.8,0.9
lr_0699,0.3,3.0,3.3
lr_0700,0.4,0.15,0.43
